Zip Code,Location,City,Population,People / Sq. Mile,National Rank
63118,"38.592669, -90.226606","Saint Louis, Missouri","30,222",8994.84,#683
63116,"38.580389, -90.264469","Saint Louis, Missouri","47,017",8532.53,#740
63108,"38.644575, -90.253731","Saint Louis, Missouri","20,890",8416.97,#761
63109,"38.584353, -90.295618","Saint Louis, Missouri","29,264",8235.21,#787
64124,"39.107078, -94.539760","Kansas City, Missouri","13,343",8055.39,#821
63107,"38.663591, -90.211403","Saint Louis, Missouri","16,313",7148.07,#995
63111,"38.558992, -90.251686","Saint Louis, Missouri","21,583",6902.5,"#1,061"
63130,"38.664726, -90.324624","Saint Louis, Missouri","34,424",6864.38,"#1,071"
64111,"39.057797, -94.594181","Kansas City, Missouri","17,745",6671.87,"#1,121"
63113,"38.658007, -90.247331","Saint Louis, Missouri","16,101",6593.32,"#1,143"
63112,"38.658395, -90.283116","Saint Louis, Missouri","22,678",6592.63,"#1,144"
63139,"38.610571, -90.291924","Saint Louis, Missouri","24,364",6453.87,"#1,185"
63115,"38.678788, -90.238652","Saint Louis, Missouri","25,238",5982.85,"#1,318"
64109,"39.065794, -94.566343","Kansas City, Missouri","12,252",5885.93,"#1,354"
64110,"39.034587, -94.572984","Kansas City, Missouri","17,842",5810.31,"#1,383"
64112,"39.035983, -94.595196","Kansas City, Missouri","8,567",5805.15,"#1,387"
63104,"38.611501, -90.214852","Saint Louis, Missouri","19,088",5545.31,"#1,490"
64123,"39.114977, -94.521063","Kansas City, Missouri","10,757",5408.7,"#1,538"
65806,"37.205409, -93.298916","Springfield, Missouri","11,073",5329.84,"#1,567"
63143,"38.611813, -90.319885","Saint Louis, Missouri","10,978",5310.1,"#1,579"
63136,"38.743457, -90.259551","Saint Louis, Missouri","53,604",5166.23,"#1,644"
64127,"39.089151, -94.538288","Kansas City, Missouri","20,831",4889.65,"#1,770"
64128,"39.065694, -94.534852","Kansas City, Missouri","14,774",4877.68,"#1,779"
63105,"38.643746, -90.326201","Saint Louis, Missouri","14,490",4873.44,"#1,782"
63106,"38.644487, -90.208310","Saint Louis, Missouri","10,553",4739.99,"#1,847"
64113,"39.014065, -94.595652","Kansas City, Missouri","11,371",4558.32,"#1,975"
63121,"38.708223, -90.299238","Saint Louis, Missouri","29,172",4320.39,"#2,123"
63114,"38.703372, -90.363497","Saint Louis, Missouri","38,479",4264.33,"#2,158"
63120,"38.693966, -90.256254","Saint Louis, Missouri","13,268",4195.44,"#2,201"
63117,"38.630844, -90.331048","Saint Louis, Missouri","9,771",4171.75,"#2,218"
63074,"38.727571, -90.387748","Saint Ann, Missouri","15,399",4130.41,"#2,247"
63119,"38.588615, -90.350875","Saint Louis, Missouri","34,416",4115.1,"#2,258"
63123,"38.549159, -90.327346","Saint Louis, Missouri","49,680",4005.3,"#2,330"
63144,"38.619146, -90.348241","Saint Louis, Missouri","9,072",3858.43,"#2,430"
64106,"39.105268, -94.570205","Kansas City, Missouri","6,142",3826.39,"#2,458"
64063,"38.912693, -94.357683","Lees Summit, Missouri","20,186",3650.15,"#2,602"
64130,"39.033582, -94.541101","Kansas City, Missouri","25,743",3621.5,"#2,637"
63033,"38.794656, -90.277950","Florissant, Missouri","45,574",3594.66,"#2,665"
63135,"38.751033, -90.298527","Saint Louis, Missouri","21,532",3562.38,"#2,701"
63110,"38.623851, -90.264625","Saint Louis, Missouri","20,163",3517.18,"#2,735"
63101,"38.631243, -90.192679","Saint Louis, Missouri","1,327",3462.27,"#2,774"
63031,"38.811435, -90.347720","Florissant, Missouri","50,013",3435.1,"#2,795"
64114,"38.957802, -94.598599","Kansas City, Missouri","23,639",3383.58,"#2,835"
64501,"39.766018, -94.843689","Saint Joseph, Missouri","12,034",3333.97,"#2,876"
63125,"38.519319, -90.294342","Saint Louis, Missouri","33,150",3327.59,"#2,883"
64105,"39.104652, -94.589828","Kansas City, Missouri","2,719",3323.64,"#2,887"
63126,"38.549373, -90.378601","Saint Louis, Missouri","15,386",3269.41,"#2,952"
64052,"39.073511, -94.450862","Independence, Missouri","21,017",3259.56,"#2,966"
64118,"39.212625, -94.572341","Kansas City, Missouri","38,908",3009.15,"#3,188"
63303,"38.754625, -90.540148","Saint Charles, Missouri","41,659",2952.82,"#3,254"
63137,"38.750568, -90.215840","Saint Louis, Missouri","21,217",2916.34,"#3,301"
64131,"38.959809, -94.571951","Kansas City, Missouri","23,193",2890.49,"#3,326"
63011,"38.603592, -90.565702","Ballwin, Missouri","38,100",2879.72,"#3,337"
64126,"39.090986, -94.496649","Kansas City, Missouri","6,800",2771.09,"#3,470"
64055,"39.050847, -94.397998","Independence, Missouri","34,006",2745.22,"#3,495"
63132,"38.676450, -90.377332","Saint Louis, Missouri","13,731",2563.08,"#3,695"
63021,"38.569666, -90.545237","Ballwin, Missouri","54,560",2558.67,"#3,697"
63122,"38.581190, -90.417981","Saint Louis, Missouri","38,653",2537.06,"#3,727"
63129,"38.459471, -90.317037","Saint Louis, Missouri","51,191",2521.36,"#3,744"
63133,"38.683181, -90.307026","Saint Louis, Missouri","8,693",2478.54,"#3,797"
63147,"38.697139, -90.217467","Saint Louis, Missouri","13,190",2478.06,"#3,799"
65807,"37.165878, -93.322688","Springfield, Missouri","49,132",2410.62,"#3,880"
65664,"37.193827, -93.626369","Halltown, Missouri",39,2219.4,"#4,131"
64117,"39.164449, -94.522657","Kansas City, Missouri","13,445",2176.07,"#4,198"
63758,"37.191467, -89.549336","Kelso, Missouri",208,2105.25,"#4,296"
63103,"38.629877, -90.216700","Saint Louis, Missouri","4,603",2085.1,"#4,329"
64014,"39.006760, -94.255136","Blue Springs, Missouri","22,841",2006.1,"#4,435"
63017,"38.648053, -90.536205","Chesterfield, Missouri","42,716",1994.54,"#4,454"
65804,"37.150575, -93.251867","Springfield, Missouri","35,482",1975.2,"#4,477"
64133,"39.013941, -94.455876","Kansas City, Missouri","34,025",1970.25,"#4,486"
64506,"39.794467, -94.808836","Saint Joseph, Missouri","21,773",1920.72,"#4,570"
64050,"39.115913, -94.410525","Independence, Missouri","23,436",1919.82,"#4,573"
63043,"38.728070, -90.452027","Maryland Heights, Missouri","22,401",1919.63,"#4,574"
63850,"36.822157, -89.781340","Grayridge, Missouri",54,1913.78,"#4,583"
63128,"38.493363, -90.382077","Saint Louis, Missouri","29,122",1902.85,"#4,598"
63824,"37.004158, -89.525611","Blodgett, Missouri",120,1882.79,"#4,628"
64134,"38.930972, -94.487154","Kansas City, Missouri","23,471",1875.4,"#4,639"
64108,"39.084895, -94.586470","Kansas City, Missouri","6,785",1869.03,"#4,648"
64119,"39.209967, -94.514665","Kansas City, Missouri","25,702",1839.17,"#4,695"
64138,"38.967971, -94.471739","Kansas City, Missouri","24,940",1818.43,"#4,733"
63040,"38.571484, -90.626381","Grover, Missouri","8,300",1805.75,"#4,755"
63088,"38.552601, -90.494021","Valley Park, Missouri","8,366",1797.44,"#4,767"
64054,"39.112373, -94.439192","Independence, Missouri","4,153",1778.34,"#4,795"
63134,"38.740962, -90.347520","Saint Louis, Missouri","14,982",1763.93,"#4,812"
63146,"38.702855, -90.475486","Saint Louis, Missouri","29,760",1734.64,"#4,862"
64053,"39.111271, -94.465172","Independence, Missouri","5,762",1732.2,"#4,868"
64030,"38.881359, -94.522744","Grandview, Missouri","24,874",1731.71,"#4,869"
63376,"38.796281, -90.616293","Saint Peters, Missouri","68,970",1728.73,"#4,876"
63367,"38.788068, -90.789735","Lake Saint Louis, Missouri","8,197",1696.18,"#4,919"
64151,"39.214341, -94.630214","Kansas City, Missouri","22,563",1635.9,"#5,014"
64137,"38.931621, -94.542913","Kansas City, Missouri","10,061",1626.13,"#5,030"
63026,"38.503260, -90.460979","Fenton, Missouri","41,383",1616.6,"#5,054"
63010,"38.437982, -90.402156","Arnold, Missouri","36,885",1608.78,"#5,067"
64132,"38.985578, -94.544550","Kansas City, Missouri","15,956",1572.33,"#5,120"
64116,"39.149635, -94.574806","Kansas City, Missouri","15,846",1490.57,"#5,273"
63140,"38.739799, -90.321543","Saint Louis, Missouri",789,1473.5,"#5,295"
64015,"39.023354, -94.297161","Blue Springs, Missouri","28,878",1468.49,"#5,302"
65810,"37.121358, -93.315816","Springfield, Missouri","15,904",1378.35,"#5,477"
65278,"39.341196, -92.410902","Renick, Missouri",182,1373.21,"#5,493"
64081,"38.907791, -94.410568","Lees Summit, Missouri","18,042",1363.17,"#5,513"
64155,"39.277070, -94.573222","Kansas City, Missouri","16,884",1351.56,"#5,526"
63141,"38.656853, -90.457391","Saint Louis, Missouri","20,025",1343.54,"#5,545"
63048,"38.265782, -90.381923","Herculaneum, Missouri","2,407",1314.24,"#5,605"
64125,"39.106825, -94.492512","Kansas City, Missouri","2,370",1310.77,"#5,617"
63131,"38.616573, -90.443600","Saint Louis, Missouri","16,396",1308.52,"#5,622"
63868,"36.846014, -89.691405","Morehouse, Missouri","1,041",1242.06,"#5,782"
63124,"38.639880, -90.378958","Saint Louis, Missouri","9,819",1231.7,"#5,804"
63880,"36.331047, -90.026517","Whiteoak, Missouri",39,1220.9,"#5,835"
63042,"38.789772, -90.399357","Hazelwood, Missouri","19,162",1207.89,"#5,856"
64849,"37.256614, -94.444191","Neck City, Missouri",105,1205.48,"#5,863"
65623,"36.749205, -93.906255","Butterfield, Missouri",39,1178.48,"#5,918"
63138,"38.801051, -90.192396","Saint Louis, Missouri","21,879",1176.23,"#5,923"
63044,"38.761014, -90.429705","Bridgeton, Missouri","14,623",1107.55,"#6,060"
64158,"39.234236, -94.477444","Kansas City, Missouri","2,405",1040.14,"#6,227"
63019,"38.235243, -90.379637","Crystal City, Missouri","4,095",1007.41,"#6,312"
63653,"37.860000, -90.586873","Leadwood, Missouri","1,045",968.8,"#6,423"
64129,"39.048972, -94.497692","Kansas City, Missouri","10,293",959.11,"#6,452"
63703,"37.273477, -89.548293","Cape Girardeau, Missouri","9,561",951.35,"#6,470"
64090,"38.759359, -94.163578","Strasburg, Missouri",112,949.31,"#6,481"
63034,"38.845391, -90.288495","Florissant, Missouri","16,803",917.39,"#6,563"
64101,"39.103351, -94.600689","Kansas City, Missouri",335,881.98,"#6,645"
63304,"38.709380, -90.652536","Saint Charles, Missouri","38,383",867.41,"#6,685"
64145,"38.878030, -94.596188","Kansas City, Missouri","4,792",865.61,"#6,693"
63102,"38.651211, -90.185906","Saint Louis, Missouri","1,311",840.88,"#6,754"
65675,"36.929377, -93.497259","Hurley, Missouri",106,806.9,"#6,863"
64503,"39.750153, -94.842680","Saint Joseph, Missouri","12,330",805.35,"#6,870"
63127,"38.534665, -90.412217","Saint Louis, Missouri","4,852",788.25,"#6,936"
64057,"39.071957, -94.319308","Independence, Missouri","11,050",753.53,"#7,057"
64835,"37.146683, -94.437188","Carterville, Missouri","1,830",714.84,"#7,196"
64056,"39.113308, -94.319802","Independence, Missouri","15,357",712.54,"#7,213"
65740,"36.713701, -93.160005","Rockaway Beach, Missouri","2,649",703.46,"#7,256"
63663,"37.626970, -90.652601","Pilot Knob, Missouri",585,698.78,"#7,268"
65305,"38.733096, -93.553162","Whiteman Air Force Base, Missouri","3,819",679.27,"#7,343"
64152,"39.208188, -94.740339","Kansas City, Missouri","23,371",647.63,"#7,466"
63052,"38.388903, -90.436886","Imperial, Missouri","19,374",640.74,"#7,496"
64841,"37.087774, -94.408876","Duenweg, Missouri",415,622.7,"#7,569"
65802,"37.210517, -93.347255","Springfield, Missouri","39,272",615.41,"#7,604"
63366,"38.826669, -90.732453","O Fallon, Missouri","57,519",598.31,"#7,679"
63767,"37.046231, -89.611565","Morley, Missouri",787,594.99,"#7,696"
65203,"38.895416, -92.396065","Columbia, Missouri","45,379",590.35,"#7,714"
65809,"37.168255, -93.194047","Springfield, Missouri","9,501",560.17,"#7,846"
64150,"39.170054, -94.629946","Riverside, Missouri","2,891",558.82,"#7,856"
64012,"38.788391, -94.551918","Belton, Missouri","25,498",553.96,"#7,882"
64801,"37.111706, -94.500482","Joplin, Missouri","32,628",551.81,"#7,895"
64086,"38.899171, -94.272385","Lees Summit, Missouri","19,727",544.71,"#7,933"
63301,"38.858035, -90.463316","Saint Charles, Missouri","46,052",536.82,"#7,973"
63049,"38.478748, -90.536223","High Ridge, Missouri","13,931",522.11,"#8,049"
64064,"38.976923, -94.341749","Lees Summit, Missouri","11,265",509.04,"#8,123"
64083,"38.798579, -94.449086","Raymore, Missouri","12,785",461.98,"#8,397"
64072,"39.235398, -94.303600","Missouri City, Missouri",133,450.18,"#8,462"
63005,"38.640920, -90.654871","Chesterfield, Missouri","16,674",436.37,"#8,558"
65529,"37.924477, -91.983848","Jerome, Missouri",240,417.47,"#8,694"
65714,"37.038095, -93.320282","Nixa, Missouri","21,010",410.49,"#8,739"
65803,"37.283140, -93.289599","Springfield, Missouri","38,453",403.98,"#8,782"
64858,"36.901178, -94.530495","Racine, Missouri",157,401.01,"#8,803"
64068,"39.256763, -94.393240","Liberty, Missouri","33,068",391.07,"#8,879"
65201,"38.900932, -92.238438","Columbia, Missouri","34,547",382.58,"#8,959"
63070,"38.282351, -90.428814","Pevely, Missouri","5,807",380.1,"#8,978"
65686,"36.635894, -93.444930","Kimberling City, Missouri","4,356",371.13,"#9,047"
63828,"36.750369, -89.691841","Canalou, Missouri",352,359.28,"#9,138"
64804,"37.020237, -94.507294","Joplin, Missouri","34,586",356.91,"#9,161"
64870,"37.187183, -94.486441","Webb City, Missouri","11,365",353.79,"#9,186"
63012,"38.343565, -90.451743","Barnhart, Missouri","9,367",343.27,"#9,268"
65109,"38.545549, -92.276364","Jefferson City, Missouri","36,467",342.04,"#9,275"
64154,"39.281279, -94.626948","Kansas City, Missouri","4,636",340.31,"#9,286"
64157,"39.278370, -94.468821","Kansas City, Missouri","3,199",332.36,"#9,351"
64847,"36.612861, -94.452809","Lanagan, Missouri",426,324.04,"#9,442"
63742,"37.159996, -89.447090","Commerce, Missouri",110,318.47,"#9,495"
64505,"39.841340, -94.843212","Saint Joseph, Missouri","12,587",317.96,"#9,500"
65065,"38.125442, -92.674668","Osage Beach, Missouri","4,909",311.46,"#9,561"
63051,"38.377504, -90.576595","House Springs, Missouri","13,230",305.37,"#9,629"
65049,"38.190890, -92.659383","Lake Ozark, Missouri","4,858",289.73,"#9,808"
63738,"37.089840, -89.957230","Brownwood, Missouri",74,287.61,"#9,832"
64066,"39.137842, -94.135931","Levasy, Missouri",87,283.51,"#9,868"
64830,"37.233824, -94.426557","Alba, Missouri",652,279.07,"#9,921"
64029,"39.004741, -94.214828","Grain Valley, Missouri","8,305",277.31,"#9,945"
64082,"38.862111, -94.408320","Lees Summit, Missouri","5,651",271.31,"#10,013"
63016,"38.353691, -90.643520","Cedar Hill, Missouri","7,829",265.39,"#10,090"
64136,"39.012768, -94.405845","Kansas City, Missouri","1,088",262.85,"#10,121"
63601,"37.817405, -90.555750","Park Hills, Missouri","15,604",261.23,"#10,139"
63025,"38.488576, -90.618449","Eureka, Missouri","11,046",260,"#10,155"
64034,"38.858551, -94.297554","Greenwood, Missouri","5,928",258.66,"#10,170"
65101,"38.495772, -92.134554","Jefferson City, Missouri","28,216",255.77,"#10,219"
64857,"37.247557, -94.428284","Purcell, Missouri",341,254.35,"#10,246"
64874,"36.758998, -94.057784","Wheaton, Missouri",897,248.28,"#10,341"
63090,"38.528786, -91.046750","Washington, Missouri","20,995",246.12,"#10,369"
63038,"38.578335, -90.677814","Glencoe, Missouri","5,066",239.68,"#10,439"
64167,"39.323147, -94.480960","Kansas City, Missouri",409,233.29,"#10,520"
64834,"37.190741, -94.565737","Carl Junction, Missouri","7,175",232.85,"#10,525"
64504,"39.691247, -94.905924","Saint Joseph, Missouri","10,926",232.29,"#10,536"
63701,"37.344600, -89.585921","Cape Girardeau, Missouri","32,331",231.87,"#10,544"
64507,"39.765373, -94.726410","Saint Joseph, Missouri","14,001",229.62,"#10,579"
64146,"38.883038, -94.572741","Kansas City, Missouri","1,327",223.83,"#10,670"
65202,"39.020486, -92.296729","Columbia, Missouri","35,834",223.56,"#10,676"
64024,"39.321594, -94.232325","Excelsior Springs, Missouri","16,144",222.78,"#10,686"
64781,"37.979459, -93.808180","Roscoe, Missouri",84,222.44,"#10,692"
65566,"37.720734, -91.126642","Viburnum, Missouri",915,219.99,"#10,730"
65738,"37.139280, -93.506398","Republic, Missouri","11,259",215.73,"#10,792"
64147,"38.852723, -94.550490","Kansas City, Missouri",743,213.64,"#10,822"
63069,"38.490376, -90.740602","Pacific, Missouri","15,145",209.99,"#10,898"
65616,"36.675370, -93.241170","Branson, Missouri","17,339",209.78,"#10,900"
65619,"37.122246, -93.387471","Brookline, Missouri","4,213",200.57,"#11,062"
63385,"38.793508, -90.857565","Wentzville, Missouri","13,931",200.4,"#11,066"
63084,"38.420539, -91.003545","Union, Missouri","13,864",199.27,"#11,084"
63874,"36.535530, -89.813599","Risco, Missouri",403,196.35,"#11,127"
63028,"38.137919, -90.392182","Festus, Missouri","23,221",194.17,"#11,170"
63401,"39.689938, -91.466239","Hannibal, Missouri","21,891",192.56,"#11,202"
65721,"36.982818, -93.209226","Ozark, Missouri","19,117",190.37,"#11,245"
63089,"38.458837, -90.876712","Villa Ridge, Missouri","5,690",188.88,"#11,271"
64743,"38.663579, -94.214831","East Lynne, Missouri",308,187.09,"#11,321"
64192,"38.955811, -94.523770","Kansas City, Missouri",19,186.17,"#11,348"
64139,"38.954778, -94.404843","Kansas City, Missouri","1,113",182.85,"#11,415"
64058,"39.173856, -94.313560","Independence, Missouri","6,018",182.11,"#11,435"
65624,"36.729951, -93.530340","Cape Fair, Missouri",395,181.93,"#11,437"
64075,"38.999801, -94.145265","Oak Grove, Missouri","9,108",179.58,"#11,489"
63878,"36.505849, -89.818378","Tallapoosa, Missouri",229,178.5,"#11,513"
63039,"38.498535, -90.843833","Gray Summit, Missouri",832,173.73,"#11,630"
64060,"39.370839, -94.363788","Kearney, Missouri","9,645",170.6,"#11,705"
65731,"36.649793, -93.126654","Powersite, Missouri",346,164.71,"#11,837"
65270,"39.413639, -92.394950","Moberly, Missouri","17,299",161.01,"#11,923"
63882,"36.903873, -89.202692","Wyatt, Missouri",530,152.93,"#12,136"
65583,"37.823723, -92.221021","Waynesville, Missouri","14,045",146.5,"#12,282"
65672,"36.561516, -93.219296","Hollister, Missouri","7,803",146.48,"#12,283"
65079,"38.155761, -92.752145","Sunrise Beach, Missouri","4,602",146.3,"#12,289"
63050,"38.254768, -90.577992","Hillsboro, Missouri","13,206",142.94,"#12,397"
65473,"37.705557, -92.157817","Fort Leonard Wood, Missouri","13,666",140.46,"#12,469"
65043,"38.623449, -92.102764","Holts Summit, Missouri","8,948",140.17,"#12,477"
63853,"36.069500, -89.871398","Holland, Missouri",277,139.47,"#12,498"
65301,"38.700559, -93.221159","Sedalia, Missouri","31,839",138.63,"#12,527"
63020,"38.100971, -90.565549","De Soto, Missouri","20,238",135.41,"#12,634"
63472,"40.404428, -91.585849","Wayland, Missouri",511,133.02,"#12,703"
64089,"39.386560, -94.563610","Smithville, Missouri","7,928",131.35,"#12,764"
65327,"38.974790, -93.496799","Emma, Missouri",277,129.99,"#12,816"
64093,"38.792042, -93.730669","Warrensburg, Missouri","24,252",129.65,"#12,827"
64016,"39.119616, -94.215755","Buckner, Missouri","4,077",128.1,"#12,876"
63866,"36.536606, -89.601567","Marston, Missouri",658,127.01,"#12,921"
63077,"38.323466, -90.988544","Saint Clair, Missouri","11,071",124.35,"#13,009"
64836,"37.183178, -94.301684","Carthage, Missouri","21,978",123.95,"#13,021"
64078,"38.702692, -94.458131","Peculiar, Missouri","6,929",122.23,"#13,075"
63820,"36.825082, -89.319944","Anniston, Missouri",301,121.42,"#13,101"
65708,"36.904683, -93.904985","Monett, Missouri","11,325",120.72,"#13,130"
63755,"37.437575, -89.657176","Jackson, Missouri","20,710",119.5,"#13,173"
64163,"39.330217, -94.683162","Kansas City, Missouri",725,119.41,"#13,181"
63857,"36.228668, -90.043386","Kennett, Missouri","13,150",117.65,"#13,255"
63830,"36.132049, -89.689540","Caruthersville, Missouri","7,680",117.39,"#13,262"
63780,"37.195014, -89.519156","Scott City, Missouri","6,524",117.18,"#13,268"
65401,"37.928061, -91.769179","Rolla, Missouri","27,625",114.2,"#13,395"
63379,"39.000905, -90.995709","Troy, Missouri","15,290",112.95,"#13,447"
63660,"37.918223, -90.709860","Mineral Point, Missouri","4,155",112.67,"#13,457"
63640,"37.754123, -90.394240","Farmington, Missouri","22,584",112.29,"#13,469"
63801,"36.902199, -89.598790","Sikeston, Missouri","23,779",111.88,"#13,488"
63362,"38.938117, -90.883811","Moscow Mills, Missouri","4,380",107.19,"#13,703"
64701,"38.624513, -94.329255","Harrisonville, Missouri","13,351",106.7,"#13,730"
63015,"38.392625, -90.748431","Catawissa, Missouri","2,201",106.54,"#13,741"
64850,"36.860355, -94.401796","Neosho, Missouri","20,932",105.26,"#13,802"
63934,"37.202796, -90.408225","Clubb, Missouri",93,103.09,"#13,892"
63628,"37.952579, -90.541765","Bonne Terre, Missouri","11,667",101.94,"#13,949"
64772,"37.825799, -94.342043","Nevada, Missouri","13,289",101.53,"#13,965"
64067,"39.154878, -93.830311","Lexington, Missouri","5,780",100.54,"#14,005"
63901,"36.772431, -90.458437","Poplar Bluff, Missouri","32,598",100.52,"#14,007"
63501,"40.158668, -92.599814","Kirksville, Missouri","21,110",100.34,"#14,015"
63389,"39.000511, -90.772845","Winfield, Missouri","4,580",100.17,"#14,021"
64153,"39.274581, -94.726643","Kansas City, Missouri","3,574",99.28,"#14,067"
63863,"36.562556, -89.968385","Malden, Missouri","6,955",97.87,"#14,157"
64468,"40.339286, -94.878816","Maryville, Missouri","14,107",96.73,"#14,228"
65020,"38.006674, -92.769102","Camdenton, Missouri","12,165",95.41,"#14,290"
63841,"36.771316, -89.984451","Dexter, Missouri","12,887",95.03,"#14,305"
65739,"36.519497, -93.267230","Ridgedale, Missouri","1,072",94.29,"#14,347"
64011,"38.968847, -94.061287","Bates City, Missouri","3,606",91.75,"#14,495"
65705,"37.029690, -93.616233","Marionville, Missouri","3,733",91.17,"#14,532"
65251,"38.851965, -91.975419","Fulton, Missouri","21,045",91.12,"#14,538"
63348,"38.785616, -90.945263","Foristell, Missouri","4,460",90.04,"#14,603"
63851,"36.245624, -89.759708","Hayti, Missouri","4,622",89.77,"#14,622"
65781,"37.355541, -93.417569","Willard, Missouri","6,300",88.2,"#14,720"
64048,"39.437763, -94.363579","Holt, Missouri","4,006",86.5,"#14,838"
65072,"38.279055, -92.715811","Rocky Mount, Missouri","1,609",84.61,"#14,961"
64079,"39.352631, -94.790537","Platte City, Missouri","8,284",84.41,"#14,975"
63023,"38.263551, -90.720393","Dittmer, Missouri","5,253",83.79,"#15,012"
64080,"38.772701, -94.260341","Pleasant Hill, Missouri","9,896",82.35,"#15,105"
65737,"36.718019, -93.357590","Reeds Spring, Missouri","6,330",82.19,"#15,119"
63390,"38.796017, -91.033070","Wright City, Missouri","6,960",81.12,"#15,191"
65026,"38.315890, -92.571504","Eldon, Missouri","12,126",78.24,"#15,377"
63770,"37.590273, -89.699656","Old Appleton, Missouri",115,77.34,"#15,455"
65613,"37.636902, -93.396427","Bolivar, Missouri","15,120",75.67,"#15,577"
63072,"38.369499, -90.817766","Robertsville, Missouri","2,915",75.59,"#15,582"
65233,"38.917096, -92.728078","Boonville, Missouri","11,138",75.28,"#15,611"
64156,"39.281657, -94.526131","Kansas City, Missouri","1,054",74.73,"#15,659"
65742,"37.129260, -93.078943","Rogersville, Missouri","8,740",74.7,"#15,661"
63369,"38.941256, -90.788192","Old Monroe, Missouri","1,978",74.56,"#15,666"
63869,"36.637460, -89.544435","New Madrid, Missouri","4,175",73.05,"#15,780"
65725,"37.429655, -93.264141","Pleasant Hope, Missouri","2,316",72.95,"#15,789"
65010,"38.793269, -92.237172","Ashland, Missouri","4,040",72.93,"#15,792"
65653,"36.784856, -93.108648","Forsyth, Missouri","4,735",72.61,"#15,819"
64076,"38.983162, -93.948056","Odessa, Missouri","8,831",72.14,"#15,852"
64429,"39.736726, -94.225807","Cameron, Missouri","11,016",72.01,"#15,865"
64686,"39.750662, -93.636341","Utica, Missouri",299,71.8,"#15,884"
64833,"37.205688, -94.135551","Avilla, Missouri",109,71.68,"#15,893"
65265,"39.203373, -91.885371","Mexico, Missouri","15,637",71.25,"#15,928"
64485,"39.949977, -94.818163","Savannah, Missouri","7,637",70.65,"#15,987"
65757,"37.282848, -93.098940","Strafford, Missouri","5,862",70.56,"#15,993"
65706,"37.322820, -92.898635","Marshfield, Missouri","12,907",70.06,"#16,049"
63383,"38.811485, -91.201380","Warrenton, Missouri","12,188",68.68,"#16,182"
64432,"40.263524, -94.667831","Clyde, Missouri",123,68.49,"#16,194"
64865,"36.826247, -94.568269","Seneca, Missouri","5,614",68.37,"#16,208"
63347,"39.069871, -90.766733","Foley, Missouri","2,623",67.68,"#16,264"
63637,"37.712286, -90.518346","Doe Run, Missouri",807,67.15,"#16,304"
63740,"37.175369, -89.680721","Chaffee, Missouri","5,466",66.21,"#16,399"
65681,"36.545152, -93.468684","Lampe, Missouri","2,261",64.58,"#16,533"
65611,"36.530428, -93.350407","Blue Eye, Missouri","1,956",64.12,"#16,573"
64070,"38.886795, -94.149407","Lone Jack, Missouri","2,410",63.9,"#16,597"
65536,"37.681382, -92.644564","Lebanon, Missouri","26,450",63.47,"#16,639"
64843,"36.736527, -94.444699","Goodman, Missouri","3,136",63.47,"#16,641"
64844,"36.916226, -94.238563","Granby, Missouri","4,523",63.16,"#16,678"
64062,"39.455731, -94.163205","Lawson, Missouri","5,788",62.93,"#16,712"
65712,"37.112228, -93.806614","Mount Vernon, Missouri","7,114",62.9,"#16,714"
64433,"40.230712, -94.678187","Conception, Missouri",190,62.61,"#16,739"
65052,"38.060770, -92.648240","Linn Creek, Missouri","3,146",62.57,"#16,747"
65605,"36.869577, -93.684556","Aurora, Missouri","11,630",61.95,"#16,809"
64120,"39.135007, -94.514957","Kansas City, Missouri",481,61.57,"#16,851"
65340,"39.087742, -93.173645","Marshall, Missouri","15,580",61.55,"#16,852"
65631,"37.000699, -93.423999","Clever, Missouri","2,521",61.54,"#16,856"
63860,"36.679911, -89.572877","Kewanee, Missouri",153,60.16,"#16,992"
63630,"38.024709, -90.740962","Cadet, Missouri","4,224",59.72,"#17,028"
65724,"37.818903, -93.309955","Pittsburg, Missouri","1,369",59.14,"#17,076"
64854,"36.545988, -94.455884","Noel, Missouri","4,052",58.9,"#17,105"
64166,"39.321599, -94.518270","Kansas City, Missouri",248,58.52,"#17,152"
63624,"37.739670, -90.659324","Bismarck, Missouri","3,583",57.8,"#17,218"
63055,"38.537634, -90.838774","Labadie, Missouri","1,767",57.49,"#17,253"
65037,"38.240656, -92.868535","Gravois Mills, Missouri","4,666",57.49,"#17,254"
65648,"37.408853, -93.167091","Fair Grove, Missouri","4,469",57.44,"#17,266"
63552,"39.757309, -92.443638","Macon, Missouri","7,868",57.27,"#17,282"
63080,"38.215015, -91.109483","Sullivan, Missouri","12,664",56.2,"#17,400"
65453,"38.106493, -91.439811","Cuba, Missouri","7,962",56,"#17,425"
63837,"36.450290, -89.986451","Clarkton, Missouri","1,710",55.59,"#17,480"
65255,"39.102561, -92.218393","Hallsville, Missouri","2,926",55.48,"#17,493"
63341,"38.670825, -90.815888","Defiance, Missouri","3,154",55.31,"#17,510"
64085,"39.343321, -93.955431","Richmond, Missouri","8,840",55.31,"#17,511"
64037,"39.059058, -93.741833","Higginsville, Missouri","6,098",54.96,"#17,560"
65652,"37.133949, -92.948822","Fordland, Missouri","3,690",54.62,"#17,605"
65753,"36.996939, -93.066854","Sparta, Missouri","3,914",54.42,"#17,625"
65622,"37.635150, -93.110192","Buffalo, Missouri","7,893",53.98,"#17,675"
65747,"36.597894, -93.571574","Shell Knob, Missouri","3,585",53.53,"#17,722"
63736,"37.066804, -89.531915","Benton, Missouri","3,211",52.8,"#17,812"
63334,"39.308441, -91.191569","Bowling Green, Missouri","8,018",52.72,"#17,823"
65668,"37.924816, -93.313305","Hermitage, Missouri","1,628",52.55,"#17,845"
65036,"38.682131, -91.605441","Gasconade, Missouri",252,52.48,"#17,857"
64863,"36.559367, -94.583340","South West City, Missouri","1,672",51.98,"#17,919"
65625,"36.676818, -93.812287","Cassville, Missouri","7,655",51.25,"#18,005"
63068,"38.565884, -91.244062","New Haven, Missouri","4,502",51.08,"#18,022"
64840,"37.012369, -94.327220","Diamond, Missouri","2,411",50.46,"#18,096"
65658,"36.540154, -93.637963","Golden, Missouri","1,019",50.41,"#18,107"
63060,"38.263874, -90.856484","Lonedell, Missouri","2,467",50.15,"#18,135"
63938,"36.519966, -90.264293","Fagus, Missouri",31,49.41,"#18,236"
63648,"37.815647, -90.686206","Irondale, Missouri","1,355",49.29,"#18,251"
63353,"39.454496, -91.113225","Louisiana, Missouri","5,244",49.21,"#18,261"
65617,"37.441639, -93.341824","Brighton, Missouri","1,377",49.05,"#18,280"
63061,"38.256978, -90.806949","Luebbering, Missouri",259,48.89,"#18,302"
65775,"36.703780, -91.858102","West Plains, Missouri","22,808",48.88,"#18,304"
64735,"38.370055, -93.743956","Clinton, Missouri","12,910",48.87,"#18,307"
64746,"38.602100, -94.496698","Freeman, Missouri","1,534",48.65,"#18,336"
64831,"36.656652, -94.448776","Anderson, Missouri","5,933",48.36,"#18,388"
65610,"37.030759, -93.530942","Billings, Missouri","4,363",48.1,"#18,427"
65633,"36.902831, -93.524713","Crane, Missouri","3,605",47.63,"#18,493"
64088,"39.151928, -94.183551","Sibley, Missouri","1,443",47.3,"#18,542"
64601,"39.805381, -93.579097","Chillicothe, Missouri","11,762",46.65,"#18,635"
65559,"38.024853, -91.610098","Saint James, Missouri","8,521",46.55,"#18,654"
63674,"38.036656, -90.659306","Tiff, Missouri",146,46.43,"#18,678"
65081,"38.644446, -92.815678","Tipton, Missouri","4,270",46.41,"#18,684"
63847,"36.441493, -90.037120","Gibson, Missouri",126,45.8,"#18,800"
63041,"38.264386, -90.774578","Grubville, Missouri",310,45.77,"#18,804"
64734,"38.654734, -94.559334","Cleveland, Missouri","1,858",45.65,"#18,824"
63829,"36.042766, -90.306619","Cardwell, Missouri","1,257",45.29,"#18,874"
63774,"37.089468, -89.764251","Perkins, Missouri",170,45.13,"#18,905"
65336,"38.785292, -93.557596","Knob Noster, Missouri","5,445",44.93,"#18,936"
63775,"37.707087, -89.883691","Perryville, Missouri","15,999",44.86,"#18,948"
63627,"38.058107, -90.235646","Bloomsdale, Missouri","2,769",44.63,"#18,980"
63839,"36.054705, -89.812586","Cooter, Missouri",526,43.86,"#19,093"
64628,"39.803035, -93.043896","Brookfield, Missouri","6,283",43.72,"#19,119"
64149,"38.861907, -94.468876","Kansas City, Missouri",384,43.66,"#19,128"
65018,"38.617511, -92.561409","California, Missouri","7,497",43.63,"#19,135"
63650,"37.622425, -90.606831","Ironton, Missouri","4,672",43.26,"#19,200"
65669,"36.910081, -93.307479","Highlandville, Missouri","1,634",43.14,"#19,222"
63349,"38.983714, -91.150553","Hawk Point, Missouri","1,335",43.02,"#19,242"
65734,"36.795214, -93.941817","Purdy, Missouri","3,221",42.53,"#19,302"
63343,"39.153537, -90.845906","Elsberry, Missouri","4,560",42.42,"#19,313"
63822,"36.663477, -90.016096","Bernie, Missouri","2,803",42.39,"#19,318"
63670,"37.901884, -90.175771","Sainte Genevieve, Missouri","11,654",42.26,"#19,347"
64465,"39.549898, -94.287621","Lathrop, Missouri","4,002",42.18,"#19,364"
63087,"37.995846, -90.432304","Valles Mines, Missouri",915,42.13,"#19,374"
65483,"37.298711, -91.944217","Houston, Missouri","4,636",42.03,"#19,380"
65679,"36.571084, -93.106614","Kirbyville, Missouri","2,393",41.91,"#19,404"
64061,"38.779438, -94.101217","Kingsville, Missouri","2,665",41.8,"#19,417"
64018,"39.454719, -94.721261","Camden Point, Missouri",913,41.78,"#19,423"
65355,"38.219545, -93.366948","Warsaw, Missouri","9,140",41.52,"#19,459"
63382,"39.312046, -91.491013","Vandalia, Missouri","4,955",41.39,"#19,476"
65647,"36.692553, -94.007438","Exeter, Missouri","2,223",41.39,"#19,477"
65604,"37.268140, -93.613081","Ash Grove, Missouri","3,729",40.5,"#19,622"
64855,"37.295478, -94.485320","Oronogo, Missouri","1,787",40.18,"#19,664"
63357,"38.656538, -91.094058","Marthasville, Missouri","4,861",40.08,"#19,677"
64454,"39.596423, -94.591810","Gower, Missouri","2,416",40.06,"#19,682"
65284,"39.186823, -92.304160","Sturgeon, Missouri","2,305",39.92,"#19,700"
65535,"38.079116, -91.280549","Leasburg, Missouri","1,564",39.79,"#19,721"
65084,"38.438023, -92.855365","Versailles, Missouri","6,410",39.76,"#19,726"
64658,"39.662965, -92.917299","Marceline, Missouri","3,629",39.36,"#19,789"
63825,"36.931174, -89.945547","Bloomfield, Missouri","4,429",39.3,"#19,799"
65723,"36.952343, -94.041341","Pierce City, Missouri","3,662",38.99,"#19,840"
63037,"38.422603, -91.316406","Gerald, Missouri","3,184",38.87,"#19,858"
65722,"37.570820, -92.724984","Phillipsburg, Missouri","1,504",38.4,"#19,927"
63013,"38.405123, -91.145996","Beaufort, Missouri","1,636",38.22,"#19,964"
65047,"38.150970, -92.578409","Kaiser, Missouri","1,271",38.09,"#19,978"
63876,"36.132271, -90.175088","Senath, Missouri","2,302",37.76,"#20,027"
65746,"37.144293, -92.789250","Seymour, Missouri","6,965",37.75,"#20,029"
65728,"36.873246, -93.344369","Ponce De Leon, Missouri",109,37.65,"#20,051"
65240,"39.223550, -92.129050","Centralia, Missouri","7,057",37.6,"#20,069"
64477,"39.576483, -94.462967","Plattsburg, Missouri","3,306",37.59,"#20,071"
65064,"38.402845, -92.471423","Olean, Missouri",627,37.42,"#20,098"
64098,"39.468076, -94.891475","Weston, Missouri","2,943",37.4,"#20,104"
63966,"36.970516, -90.260720","Wappapello, Missouri","2,437",37.29,"#20,119"
65769,"36.919096, -93.799405","Verona, Missouri","3,121",37.22,"#20,130"
63933,"36.519181, -90.111928","Campbell, Missouri","3,776",37.16,"#20,138"
64040,"38.713406, -93.988181","Holden, Missouri","6,050",36.9,"#20,179"
65066,"38.330979, -91.483873","Owensville, Missouri","6,520",36.87,"#20,190"
64097,"39.112332, -93.974109","Wellington, Missouri","1,515",36.84,"#20,195"
63739,"37.358550, -89.800258","Burfordville, Missouri",621,36.81,"#20,200"
65612,"37.215241, -93.540109","Bois D Arc, Missouri","1,264",36.24,"#20,311"
64444,"39.471640, -94.650976","Edgerton, Missouri","1,433",36.17,"#20,324"
65053,"38.541224, -92.369637","Lohman, Missouri","1,169",36.11,"#20,336"
63879,"36.353355, -89.796047","Wardell, Missouri",910,35.82,"#20,402"
65745,"36.532347, -93.929549","Seligman, Missouri","2,360",35.82,"#20,403"
63438,"39.968514, -91.687967","Durham, Missouri",518,35.79,"#20,409"
65656,"36.779671, -93.507741","Galena, Missouri","5,709",35.71,"#20,420"
63939,"36.654881, -90.686879","Fairdealing, Missouri","1,381",35.41,"#20,477"
64862,"37.100665, -94.119523","Sarcoxie, Missouri","3,091",35.32,"#20,490"
64683,"40.076727, -93.609971","Trenton, Missouri","8,323",35.29,"#20,495"
64842,"36.800210, -94.106181","Fairview, Missouri",865,35.29,"#20,496"
64492,"39.509610, -94.559699","Trimble, Missouri","1,150",34.93,"#20,556"
64856,"36.548954, -94.252855","Pineville, Missouri","3,734",34.71,"#20,589"
63862,"36.548810, -89.749929","Lilbourn, Missouri","1,771",34.67,"#20,599"
65710,"37.485556, -93.421088","Morrisville, Missouri","1,129",34.63,"#20,609"
65459,"38.020992, -92.098770","Dixon, Missouri","7,793",34.42,"#20,646"
63461,"39.801374, -91.579013","Palmyra, Missouri","5,571",34.27,"#20,673"
63823,"36.885675, -89.445033","Bertrand, Missouri","1,156",34.25,"#20,679"
65274,"39.015799, -92.686203","New Franklin, Missouri","1,757",34.04,"#20,707"
63955,"36.603650, -90.680840","Oxly, Missouri",263,33.88,"#20,743"
64421,"39.911300, -94.924259","Amazonia, Missouri",869,33.73,"#20,769"
64725,"38.495991, -94.386890","Archie, Missouri","1,785",33.69,"#20,781"
65039,"38.712565, -92.293736","Hartsburg, Missouri","2,156",33.64,"#20,792"
63784,"36.986759, -89.694189","Vanduser, Missouri",272,33.45,"#20,832"
65051,"38.475369, -91.810469","Linn, Missouri","4,693",33.41,"#20,842"
65063,"38.728539, -92.093495","New Bloomfield, Missouri","2,837",33.27,"#20,871"
65754,"36.834616, -93.277591","Spokane, Missouri",737,33.09,"#20,917"
64401,"39.625258, -94.709161","Agency, Missouri","1,426",33.03,"#20,931"
63056,"38.400696, -91.214245","Leslie, Missouri","2,031",32.89,"#20,961"
65054,"38.478929, -91.951245","Loose Creek, Missouri",554,32.47,"#21,040"
64020,"38.969942, -93.592203","Concordia, Missouri","3,536",32.45,"#21,043"
63877,"36.079702, -89.857084","Steele, Missouri","4,088",31.94,"#21,151"
65711,"37.176383, -92.275679","Mountain Grove, Missouri","9,463",31.88,"#21,165"
65548,"37.008700, -91.704883","Mountain View, Missouri","5,507",31.73,"#21,192"
65452,"37.971664, -92.285943","Crocker, Missouri","2,914",31.49,"#21,239"
65680,"36.642374, -92.990689","Kissee Mills, Missouri",960,31.41,"#21,252"
65704,"37.127620, -92.586107","Mansfield, Missouri","3,739",31.25,"#21,288"
65023,"38.653901, -92.396296","Centertown, Missouri","1,520",31.19,"#21,307"
63036,"37.970090, -90.368494","French Village, Missouri",961,31.03,"#21,347"
63448,"40.015964, -91.542113","La Grange, Missouri","1,679",31.01,"#21,354"
64745,"38.151260, -94.507744","Foster, Missouri",51,30.97,"#21,365"
65074,"38.477360, -92.467491","Russellville, Missouri","2,827",30.92,"#21,383"
63351,"38.860008, -91.319315","Jonesburg, Missouri","1,595",30.81,"#21,404"
63852,"36.375579, -90.008998","Holcomb, Missouri","1,535",30.75,"#21,420"
64744,"37.849165, -93.982609","El Dorado Springs, Missouri","7,985",30.68,"#21,436"
65791,"36.546217, -91.564476","Thayer, Missouri","4,267",30.68,"#21,437"
64747,"38.578826, -94.182182","Garden City, Missouri","3,785",30.63,"#21,450"
64074,"39.089949, -94.086263","Napoleon, Missouri",569,30.62,"#21,452"
65360,"38.521569, -93.512850","Windsor, Missouri","4,722",30.49,"#21,478"
63945,"36.627492, -90.529434","Harviell, Missouri","1,171",30.2,"#21,540"
65644,"37.510937, -93.038245","Elkland, Missouri","2,509",30,"#21,587"
64448,"39.596748, -94.822765","Faucett, Missouri","1,133",29.96,"#21,595"
65085,"38.398267, -92.060859","Westphalia, Missouri","1,061",29.81,"#21,637"
65050,"38.540286, -92.688708","Latham, Missouri",567,29.75,"#21,648"
63821,"36.041693, -90.223684","Arbyrd, Missouri",999,29.72,"#21,659"
64759,"37.521813, -94.267098","Lamar, Missouri","8,151",29.59,"#21,689"
65676,"36.580592, -92.607456","Isabella, Missouri",549,29.57,"#21,695"
65279,"39.017450, -92.531705","Rocheport, Missouri","1,471",29.56,"#21,697"
63664,"37.917503, -90.914269","Potosi, Missouri","8,525",29.46,"#21,716"
63764,"37.314855, -89.987815","Marble Hill, Missouri","5,784",29.19,"#21,763"
63435,"40.215966, -91.588119","Canton, Missouri","4,261",29.16,"#21,769"
64439,"39.524413, -94.753373","Dearborn, Missouri","1,490",29.15,"#21,771"
63373,"38.928157, -90.407025","Portage Des Sioux, Missouri",685,28.99,"#21,798"
65661,"37.462825, -93.838004","Greenfield, Missouri","2,728",28.98,"#21,800"
63771,"37.071612, -89.703733","Oran, Missouri","2,852",28.89,"#21,824"
63953,"36.596037, -90.623197","Naylor, Missouri","1,648",28.83,"#21,842"
64084,"39.384345, -94.066883","Rayville, Missouri","1,447",28.78,"#21,851"
63957,"37.160766, -90.664667","Piedmont, Missouri","5,520",28.56,"#21,902"
63433,"39.560628, -91.184753","Ashburn, Missouri",56,28.54,"#21,905"
65231,"39.019466, -91.895155","Auxvasse, Missouri","3,076",28.38,"#21,936"
63532,"39.760888, -92.572883","Bevier, Missouri","1,367",28.3,"#21,960"
65016,"38.564017, -91.926345","Bonnots Mill, Missouri","1,265",28.29,"#21,961"
65256,"39.121230, -92.456512","Harrisburg, Missouri","1,518",28.25,"#21,969"
65040,"38.351846, -92.320302","Henley, Missouri","1,265",28.22,"#21,980"
65770,"37.422627, -93.548226","Walnut Grove, Missouri","2,753",28.16,"#21,994"
64077,"39.224578, -94.139126","Orrick, Missouri","1,978",27.89,"#22,062"
63645,"37.543131, -90.317480","Fredericktown, Missouri","10,713",27.88,"#22,064"
63960,"36.956940, -90.131465","Puxico, Missouri","3,156",27.87,"#22,068"
65032,"38.293713, -92.417716","Eugene, Missouri","1,427",27.82,"#22,076"
65779,"37.977567, -93.378863","Wheatland, Missouri","1,913",27.7,"#22,109"
65350,"38.661253, -93.092285","Smithton, Missouri","1,490",27.47,"#22,151"
64742,"38.508095, -94.541195","Drexel, Missouri","2,140",27.45,"#22,156"
63459,"39.584494, -91.382316","New London, Missouri","3,802",27.41,"#22,163"
63848,"36.436436, -89.887815","Gideon, Missouri","1,533",27.34,"#22,188"
65017,"38.092140, -92.494369","Brumley, Missouri","1,472",27.2,"#22,217"
63940,"36.768003, -90.227674","Fisk, Missouri","1,377",27.17,"#22,229"
64644,"39.731055, -93.973869","Hamilton, Missouri","2,935",27.11,"#22,243"
63730,"37.102446, -89.908862","Advance, Missouri","3,328",27.05,"#22,256"
65674,"37.791412, -93.621620","Humansville, Missouri","2,479",27.04,"#22,258"
65349,"39.231822, -93.067179","Slater, Missouri","2,737",26.87,"#22,289"
65759,"36.755579, -92.999648","Taneyville, Missouri","1,164",26.78,"#22,316"
65486,"38.108287, -92.328061","Iberia, Missouri","3,049",26.78,"#22,317"
65248,"39.138606, -92.660133","Fayette, Missouri","4,596",26.76,"#22,321"
64096,"39.208822, -93.552504","Waverly, Missouri","1,155",26.76,"#22,322"
65685,"37.752300, -93.166953","Louisburg, Missouri",967,26.68,"#22,342"
63783,"37.606007, -89.681839","Uniontown, Missouri",161,26.22,"#22,438"
63384,"39.092528, -91.553592","Wellsville, Missouri","2,117",26.01,"#22,493"
64161,"39.163907, -94.449106","Kansas City, Missouri",427,25.94,"#22,517"
64633,"39.346226, -93.475178","Carrollton, Missouri","5,610",25.94,"#22,518"
65772,"36.592579, -94.042964","Washburn, Missouri","2,315",25.88,"#22,539"
64720,"38.404277, -94.335778","Adrian, Missouri","3,618",25.78,"#22,578"
64866,"36.869577, -94.156423","Stark City, Missouri","1,326",25.64,"#22,618"
63361,"38.955726, -91.553419","Montgomery City, Missouri","4,271",25.61,"#22,627"
63932,"36.697312, -90.250354","Broseley, Missouri","1,362",25.6,"#22,630"
65689,"37.135811, -92.090889","Cabool, Missouri","4,755",25.55,"#22,641"
65632,"37.503896, -92.819570","Conway, Missouri","2,770",25.49,"#22,652"
65789,"36.814685, -91.937861","Pomona, Missouri","1,889",25.48,"#22,656"
65557,"37.507867, -92.091343","Roby, Missouri",166,25.4,"#22,673"
65756,"37.098035, -93.973906","Stotts City, Missouri",790,25.33,"#22,688"
63445,"40.395662, -91.732212","Kahoka, Missouri","4,067",25.22,"#22,711"
65441,"38.088696, -91.147077","Bourbon, Missouri","4,529",25.09,"#22,740"
65236,"39.456463, -93.086382","Brunswick, Missouri","1,460",25.09,"#22,741"
65243,"39.268467, -92.354425","Clark, Missouri","2,451",25.03,"#22,752"
63769,"37.517357, -89.751743","Oak Ridge, Missouri","1,300",24.95,"#22,769"
65013,"38.269917, -91.752129","Belle, Missouri","3,218",24.93,"#22,777"
63454,"39.922981, -91.650377","Maywood, Missouri",869,24.86,"#22,792"
65083,"38.142872, -92.443872","Ulman, Missouri",292,24.85,"#22,796"
65011,"38.389067, -92.713345","Barnett, Missouri","2,123",24.78,"#22,806"
64071,"39.036190, -93.827186","Mayview, Missouri",745,24.74,"#22,814"
65787,"38.083359, -92.917859","Roach, Missouri","1,104",24.66,"#22,831"
64424,"40.260657, -94.034735","Bethany, Missouri","4,165",24.58,"#22,852"
64730,"38.255967, -94.283818","Butler, Missouri","7,174",24.46,"#22,877"
63345,"39.275042, -91.557765","Farber, Missouri",512,24.45,"#22,881"
65707,"37.235900, -93.823990","Miller, Missouri","2,117",24.19,"#22,934"
64164,"39.338175, -94.624160","Kansas City, Missouri",239,24.05,"#22,971"
65556,"37.840992, -92.407141","Richland, Missouri","5,065",24.04,"#22,974"
65041,"38.632996, -91.489763","Hermann, Missouri","5,842",24.01,"#22,984"
64490,"39.731215, -94.514713","Stewartsville, Missouri","2,132",23.98,"#22,993"
63834,"36.933989, -89.285847","Charleston, Missouri","6,051",23.89,"#23,013"
64859,"37.164209, -94.113408","Reeds, Missouri","1,151",23.87,"#23,021"
64019,"38.777542, -93.865281","Centerview, Missouri","2,220",23.85,"#23,025"
65641,"36.571748, -93.752911","Eagle Rock, Missouri","1,378",23.8,"#23,041"
64867,"36.721123, -94.234359","Stella, Missouri","1,397",23.74,"#23,054"
65767,"37.852256, -93.155931","Urbana, Missouri","1,931",23.72,"#23,055"
63845,"36.684560, -89.336580","East Prairie, Missouri","5,853",23.69,"#23,064"
64443,"39.751634, -94.648908","Easton, Missouri","1,075",23.66,"#23,077"
65729,"36.523501, -92.562324","Pontiac, Missouri",223,23.65,"#23,078"
65259,"39.469541, -92.568200","Huntsville, Missouri","2,714",23.38,"#23,136"
64436,"39.857727, -94.691859","Cosby, Missouri",811,23.32,"#23,148"
65059,"38.705635, -91.891267","Mokane, Missouri",786,23.24,"#23,160"
63350,"38.904226, -91.351355","High Hill, Missouri",551,23.22,"#23,166"
65649,"37.618433, -93.611523","Fair Play, Missouri","1,393",23.21,"#23,170"
65351,"38.994268, -93.381217","Sweet Springs, Missouri","2,614",23.21,"#23,171"
64459,"39.928943, -94.649389","Helena, Missouri",553,23.14,"#23,185"
63370,"39.080576, -91.223333","Olney, Missouri",41,23.13,"#23,188"
63673,"37.825276, -90.014166","Saint Mary, Missouri","2,042",23.09,"#23,198"
65609,"36.542529, -92.151702","Bakersfield, Missouri",752,23,"#23,231"
65785,"37.708475, -93.825054","Stockton, Missouri","5,062",22.96,"#23,240"
63766,"37.444017, -89.851486","Millersville, Missouri",944,22.95,"#23,245"
63091,"38.379132, -91.392587","Rosebud, Missouri","1,228",22.65,"#23,322"
65608,"36.908604, -92.660380","Ava, Missouri","9,061",22.47,"#23,378"
63456,"39.656470, -91.728331","Monroe City, Missouri","4,208",22.43,"#23,391"
65338,"38.360286, -93.289805","Lincoln, Missouri","2,866",22.25,"#23,446"
65771,"36.778058, -93.203194","Walnut Shade, Missouri",896,22.2,"#23,456"
65035,"38.347899, -91.924208","Freeburg, Missouri","1,599",22.13,"#23,479"
65239,"39.533520, -92.432043","Cairo, Missouri","1,223",22.12,"#23,481"
63567,"40.424368, -92.715620","Worthington, Missouri",145,22.12,"#23,484"
65337,"38.794493, -93.431379","La Monte, Missouri","1,941",22.07,"#23,491"
65078,"38.389492, -93.022188","Stover, Missouri","3,447",22.03,"#23,502"
64873,"37.010659, -94.053847","Wentworth, Missouri",933,21.96,"#23,523"
63873,"36.404691, -89.652396","Portageville, Missouri","5,175",21.89,"#23,546"
65793,"37.004210, -91.951306","Willow Springs, Missouri","6,019",21.82,"#23,566"
64017,"39.197836, -94.027381","Camden, Missouri",487,21.74,"#23,586"
63631,"37.741997, -90.788369","Caledonia, Missouri",953,21.68,"#23,604"
63943,"36.818373, -90.769662","Grandin, Missouri",871,21.63,"#23,620"
65542,"37.495709, -91.883745","Licking, Missouri","4,650",21.63,"#23,621"
65324,"38.126812, -93.029914","Climax Springs, Missouri","1,461",21.59,"#23,633"
63014,"38.651805, -91.313445","Berger, Missouri",840,21.46,"#23,674"
63332,"38.615820, -90.892680","Augusta, Missouri","1,163",21.43,"#23,682"
63782,"37.130115, -90.047783","Sturdivant, Missouri",375,21.38,"#23,700"
65560,"37.587539, -91.510050","Salem, Missouri","13,421",21.35,"#23,708"
65713,"37.405733, -92.739217","Niangua, Missouri","2,403",21.28,"#23,726"
63935,"36.675603, -90.921127","Doniphan, Missouri","9,661",21.18,"#23,752"
63387,"39.168733, -91.026437","Whiteside, Missouri",95,21.16,"#23,757"
64640,"39.897693, -93.949302","Gallatin, Missouri","3,185",21.11,"#23,771"
65280,"39.218776, -91.731274","Rush Hill, Missouri",193,21.06,"#23,782"
65325,"38.439774, -93.189165","Cole Camp, Missouri","2,885",20.94,"#23,816"
64470,"40.160107, -95.229189","Mound City, Missouri","1,650",20.93,"#23,820"
64036,"39.205256, -93.929071","Henrietta, Missouri",474,20.89,"#23,829"
64620,"39.899627, -94.102867","Altamont, Missouri",461,20.83,"#23,845"
65076,"38.363207, -92.211554","Saint Thomas, Missouri",891,20.79,"#23,854"
63622,"37.791060, -90.907437","Belgrade, Missouri",904,20.67,"#23,888"
64671,"39.531881, -94.050775","Polo, Missouri","1,780",20.65,"#23,897"
65663,"37.586021, -93.235620","Half Way, Missouri","1,906",20.53,"#23,935"
64763,"38.144005, -93.711500","Lowry City, Missouri","1,450",20.5,"#23,943"
63732,"37.577851, -89.573328","Altenburg, Missouri",634,20.43,"#23,963"
63468,"39.679710, -92.018554","Shelbina, Missouri","2,949",20.29,"#23,996"
65348,"38.712427, -92.989910","Otterville, Missouri","1,407",20.29,"#23,998"
63760,"37.242876, -89.917411","Leopold, Missouri",646,20.08,"#24,054"
63785,"37.266837, -89.822213","Whitewater, Missouri",871,20.06,"#24,058"
64440,"39.577197, -94.925388","De Kalb, Missouri",744,20.04,"#24,065"
65001,"38.282228, -92.023400","Argyle, Missouri",461,20,"#24,079"
64483,"40.045149, -94.847354","Rosendale, Missouri",682,19.95,"#24,097"
64649,"39.773347, -94.086390","Kidder, Missouri",766,19.84,"#24,123"
64761,"38.601551, -93.683114","Leeton, Missouri","1,485",19.73,"#24,154"
65786,"37.952816, -92.952115","Macks Creek, Missouri","2,064",19.68,"#24,169"
63743,"37.523800, -89.818915","Daisy, Missouri",46,19.63,"#24,180"
64491,"40.467390, -95.337778","Tarkio, Missouri","2,350",19.58,"#24,196"
65567,"37.865133, -92.535705","Stoutland, Missouri","1,284",19.54,"#24,211"
64739,"38.511280, -94.096624","Creighton, Missouri",904,19.49,"#24,228"
65354,"38.678154, -92.918056","Syracuse, Missouri",262,19.45,"#24,241"
65590,"37.636437, -92.973925","Long Lane, Missouri","1,565",19.43,"#24,246"
63363,"38.883906, -91.454906","New Florence, Missouri","1,648",19.43,"#24,247"
65254,"39.276405, -92.791036","Glasgow, Missouri","2,030",19.24,"#24,311"
65701,"36.795787, -92.775526","Mc Clurg, Missouri",25,19.23,"#24,314"
65777,"36.526802, -91.988836","Moody, Missouri",337,19.21,"#24,323"
65080,"38.636261, -91.978927","Tebbetts, Missouri",762,19.06,"#24,370"
64689,"39.869518, -94.152185","Winston, Missouri",558,19,"#24,390"
63549,"40.015484, -92.498179","La Plata, Missouri","2,585",18.97,"#24,401"
64430,"39.838990, -94.565539","Clarksdale, Missouri",800,18.94,"#24,410"
63386,"38.870227, -90.219634","West Alton, Missouri",598,18.92,"#24,415"
65620,"37.017469, -92.955719","Bruner, Missouri",379,18.85,"#24,436"
64469,"39.931296, -94.361173","Maysville, Missouri","2,177",18.75,"#24,471"
64740,"38.226188, -93.703771","Deepwater, Missouri","1,965",18.74,"#24,472"
65565,"37.893625, -91.242232","Steelville, Missouri","5,280",18.71,"#24,484"
64861,"36.695352, -94.154072","Rocky Comfort, Missouri","1,052",18.55,"#24,526"
65717,"37.064659, -92.407746","Norwood, Missouri","2,374",18.54,"#24,531"
64022,"39.201655, -93.672247","Dover, Missouri",145,18.53,"#24,533"
65646,"37.333448, -93.703246","Everton, Missouri","1,881",18.41,"#24,570"
64648,"39.986285, -93.812341","Jamesport, Missouri","2,019",18.38,"#24,575"
65774,"37.922482, -93.492385","Weaubleau, Missouri","1,097",18.37,"#24,579"
65630,"36.831783, -93.212521","Chestnutridge, Missouri",159,18.21,"#24,633"
63747,"37.553730, -89.816264","Friedheim, Missouri",388,18.15,"#24,655"
64402,"40.255454, -94.329775","Albany, Missouri","2,564",18.09,"#24,676"
63030,"38.124692, -90.746292","Fletcher, Missouri",346,18.08,"#24,684"
65650,"37.813060, -93.453181","Flemington, Missouri","1,153",17.96,"#24,706"
63333,"39.035280, -91.320376","Bellflower, Missouri",835,17.9,"#24,724"
63870,"36.621298, -89.844043","Parma, Missouri","1,347",17.81,"#24,757"
63961,"36.567208, -90.277076","Qulin, Missouri","1,647",17.75,"#24,769"
63781,"37.527511, -89.926219","Sedgewickville, Missouri","1,072",17.73,"#24,776"
65281,"39.460584, -92.805726","Salisbury, Missouri","3,230",17.69,"#24,789"
63381,"38.996676, -91.253874","Truxton, Missouri",494,17.69,"#24,791"
64021,"39.114935, -93.637442","Corder, Missouri",785,17.64,"#24,804"
65589,"37.246602, -91.828351","Yukon, Missouri",272,17.54,"#24,837"
63555,"40.486404, -92.193179","Memphis, Missouri","3,309",17.49,"#24,857"
65257,"39.282824, -92.528667","Higbee, Missouri","1,561",17.48,"#24,860"
63626,"38.055815, -90.628156","Blackwell, Missouri",142,17.46,"#24,864"
63537,"40.158886, -92.156537","Edina, Missouri","1,910",17.43,"#24,876"
64755,"37.331360, -94.296391","Jasper, Missouri","2,689",17.4,"#24,884"
63662,"37.532424, -90.050025","Patton, Missouri","1,162",17.39,"#24,890"
65667,"37.308459, -92.514047","Hartville, Missouri","3,146",17.34,"#24,907"
64722,"38.278074, -94.542511","Amoret, Missouri",518,17.31,"#24,921"
63751,"37.311386, -90.124472","Glenallen, Missouri","1,029",17.26,"#24,935"
64484,"39.561200, -95.017149","Rushville, Missouri","1,203",17.26,"#24,938"
65034,"38.559677, -92.818106","Fortuna, Missouri",584,17.2,"#24,954"
63377,"39.107191, -91.096214","Silex, Missouri","2,164",17.16,"#24,972"
65534,"37.690279, -92.284280","Laquey, Missouri",723,17.12,"#24,983"
65760,"36.628783, -92.270071","Tecumseh, Missouri",624,17.04,"#25,006"
64489,"40.236887, -94.547271","Stanberry, Missouri","2,020",16.99,"#25,015"
65275,"39.453066, -91.994965","Paris, Missouri","2,772",16.97,"#25,024"
64482,"40.458126, -95.555082","Rock Port, Missouri","2,216",16.96,"#25,030"
65640,"37.698467, -93.566848","Dunnegan, Missouri",763,16.91,"#25,046"
63071,"38.132269, -90.851685","Richwoods, Missouri","1,063",16.78,"#25,085"
63855,"36.069107, -90.056809","Hornersville, Missouri","1,235",16.75,"#25,096"
63556,"40.176075, -93.112340","Milan, Missouri","3,933",16.64,"#25,127"
64494,"39.989408, -94.609608","Union Star, Missouri",989,16.62,"#25,134"
65025,"38.675948, -92.690020","Clarksburg, Missouri",817,16.49,"#25,168"
65276,"38.849568, -92.952563","Pilot Grove, Missouri","1,505",16.46,"#25,181"
65075,"38.253165, -92.264926","Saint Elizabeth, Missouri",790,16.45,"#25,186"
65626,"36.594943, -92.130859","Caulfield, Missouri","1,678",16.41,"#25,197"
65014,"38.322769, -91.624636","Bland, Missouri","2,348",16.33,"#25,228"
65332,"38.625322, -93.412048","Green Ridge, Missouri","1,440",16.3,"#25,238"
65591,"37.975287, -92.583573","Montreal, Missouri",834,16.27,"#25,244"
65082,"38.219449, -92.425753","Tuscumbia, Missouri","1,171",16.25,"#25,252"
63636,"37.314595, -90.575901","Des Arc, Missouri",684,16.2,"#25,264"
65662,"37.419146, -92.572234","Grovespring, Missouri","1,176",16.15,"#25,284"
63336,"39.333135, -90.932259","Clarksville, Missouri","1,092",16.14,"#25,287"
65788,"36.806689, -91.694945","Peace Valley, Missouri",447,16.07,"#25,307"
64001,"39.114216, -93.540908","Alma, Missouri",652,16.06,"#25,311"
65323,"38.443904, -93.617513","Calhoun, Missouri",932,15.99,"#25,336"
65550,"37.822689, -91.954540","Newburg, Missouri","3,175",15.92,"#25,361"
64473,"39.979261, -95.076209","Oregon, Missouri","1,584",15.89,"#25,367"
65321,"39.080277, -93.448871","Blackburn, Missouri",475,15.89,"#25,368"
65778,"36.530448, -91.271025","Myrtle, Missouri",551,15.89,"#25,370"
63436,"39.500689, -91.539951","Center, Missouri","1,309",15.85,"#25,392"
63344,"39.238189, -91.016453","Eolia, Missouri","1,386",15.78,"#25,410"
64733,"38.584819, -93.827198","Chilhowee, Missouri","1,111",15.78,"#25,411"
63471,"39.907238, -91.487808","Taylor, Missouri",662,15.75,"#25,421"
65582,"38.176007, -91.935104","Vienna, Missouri","2,241",15.73,"#25,426"
63846,"36.810669, -89.798768","Essex, Missouri","1,548",15.49,"#25,508"
65727,"37.765849, -93.295111","Polk, Missouri",157,15.46,"#25,522"
64651,"39.776866, -93.181934","Laclede, Missouri",687,15.46,"#25,523"
65606,"36.696956, -91.359473","Alton, Missouri","3,140",15.44,"#25,531"
65068,"38.815854, -92.608954","Prairie Home, Missouri",625,15.36,"#25,564"
64650,"39.633222, -94.053671","Kingston, Missouri",630,15.34,"#25,570"
64724,"38.153210, -94.006638","Appleton City, Missouri","2,174",15.31,"#25,581"
63954,"36.544694, -90.477466","Neelyville, Missouri","1,327",15.29,"#25,590"
63548,"40.536366, -92.489160","Lancaster, Missouri","1,255",15.29,"#25,595"
65329,"38.611342, -92.975658","Florence, Missouri",363,15.24,"#25,610"
63621,"37.497064, -90.586913","Arcadia, Missouri","1,222",15.23,"#25,616"
65570,"37.467905, -92.097516","Success, Missouri",525,15.15,"#25,651"
64723,"38.361639, -94.559592","Amsterdam, Missouri",786,15.11,"#25,663"
65601,"37.530032, -93.585730","Aldrich, Missouri",779,14.92,"#25,720"
65580,"38.116494, -91.789799","Vichy, Missouri",801,14.82,"#25,746"
65655,"36.589175, -92.430062","Gainesville, Missouri","2,955",14.82,"#25,747"
65077,"38.772199, -91.812579","Steedman, Missouri",554,14.81,"#25,748"
65443,"38.124302, -92.099480","Brinktown, Missouri",134,14.75,"#25,768"
65541,"37.622927, -91.787393","Lenox, Missouri",233,14.73,"#25,773"
64748,"37.361453, -94.096348","Golden City, Missouri","1,669",14.72,"#25,776"
64434,"40.258796, -94.733053","Conception Junction, Missouri",489,14.69,"#25,784"
64738,"37.901664, -93.651689","Collins, Missouri","1,204",14.68,"#25,788"
65046,"38.786494, -92.488423","Jamestown, Missouri","1,142",14.64,"#25,801"
63463,"39.851438, -91.780965","Philadelphia, Missouri",643,14.64,"#25,802"
65320,"39.089489, -92.942024","Arrow Rock, Missouri",91,14.6,"#25,815"
63937,"36.935115, -90.784013","Ellsinore, Missouri","2,650",14.54,"#25,833"
64493,"39.629629, -94.314883","Turney, Missouri",530,14.52,"#25,838"
64474,"39.755309, -94.379595","Osborn, Missouri",897,14.32,"#25,899"
63735,"36.977711, -89.775684","Bell City, Missouri",898,14.27,"#25,914"
63561,"40.410574, -92.534729","Queen City, Missouri","1,162",14.27,"#25,917"
63748,"37.672210, -89.617350","Frohna, Missouri","1,127",14.25,"#25,920"
64624,"39.566636, -93.792907","Braymer, Missouri","1,741",14.25,"#25,922"
64682,"39.549487, -93.469593","Tina, Missouri",357,14.22,"#25,935"
63440,"39.987475, -91.758834","Ewing, Missouri","1,434",14.22,"#25,936"
64769,"37.493192, -94.548169","Mindenmines, Missouri",678,14.16,"#25,950"
65263,"39.461874, -92.220167","Madison, Missouri","1,917",14.1,"#25,969"
65766,"36.541132, -92.254044","Udall, Missouri",148,14.02,"#25,983"
65635,"37.531741, -93.717143","Dadeville, Missouri",571,14.02,"#25,985"
65732,"37.934974, -93.177422","Preston, Missouri",815,14.02,"#25,986"
64848,"37.179767, -93.983029","La Russell, Missouri",708,14.01,"#25,990"
65457,"37.782592, -92.078264","Devils Elbow, Missouri",163,13.98,"#25,999"
63565,"40.480620, -92.947276","Unionville, Missouri","3,948",13.96,"#26,003"
65682,"37.416231, -93.979593","Lockwood, Missouri","2,002",13.96,"#26,005"
64776,"38.040016, -93.675988","Osceola, Missouri","3,509",13.86,"#26,040"
65463,"37.847675, -92.783349","Eldridge, Missouri",960,13.86,"#26,041"
64788,"38.423906, -94.019548","Urich, Missouri","1,276",13.82,"#26,050"
64779,"38.092018, -94.396212","Rich Hill, Missouri","2,770",13.71,"#26,079"
63967,"36.942846, -90.485614","Williamsville, Missouri","1,668",13.7,"#26,084"
64479,"40.338132, -94.670901","Ravenwood, Missouri",883,13.69,"#26,090"
63559,"40.231429, -92.747628","Novinger, Missouri","1,452",13.65,"#26,101"
64659,"39.781475, -93.289747","Meadville, Missouri",932,13.64,"#26,104"
65462,"37.683375, -91.848757","Edgar Springs, Missouri","1,325",13.58,"#26,125"
64750,"37.933868, -94.123399","Harwood, Missouri",422,13.53,"#26,138"
65333,"38.900768, -93.319941","Houstonia, Missouri",853,13.51,"#26,143"
65783,"37.711735, -92.942002","Windyville, Missouri",153,13.41,"#26,165"
64771,"37.763856, -94.460686","Moundville, Missouri",537,13.4,"#26,168"
64476,"40.439923, -94.834349","Pickering, Missouri",415,13.38,"#26,175"
64762,"37.546659, -94.501483","Liberal, Missouri","1,632",13.31,"#26,194"
63540,"40.087350, -92.411274","Gibbs, Missouri",160,13.22,"#26,217"
64165,"39.321457, -94.573972","Kansas City, Missouri",61,13.2,"#26,221"
65262,"38.962524, -91.939528","Kingdom City, Missouri",502,13.2,"#26,224"
63827,"36.266166, -89.877044","Bragg City, Missouri","1,151",13.2,"#26,225"
65555,"37.371778, -91.738882","Raymondville, Missouri","1,095",13.18,"#26,230"
65024,"38.619249, -91.756356","Chamois, Missouri","1,200",13.13,"#26,251"
63826,"36.170362, -89.841743","Braggadocio, Missouri",178,13.11,"#26,259"
65702,"37.052336, -92.486004","Macomb, Missouri",470,13.07,"#26,274"
63447,"40.101032, -91.890259","La Belle, Missouri","1,117",13.05,"#26,281"
63339,"39.336612, -91.375802","Curryville, Missouri",953,13.05,"#26,285"
65264,"39.088314, -91.685640","Martinsburg, Missouri",883,13.02,"#26,295"
63430,"40.398647, -91.547338","Alexandria, Missouri",662,12.89,"#26,344"
65326,"38.160469, -93.161376","Edwards, Missouri","1,873",12.88,"#26,350"
65730,"36.617139, -94.157479","Powell, Missouri",158,12.87,"#26,354"
65446,"37.810607, -91.290188","Cherryville, Missouri",376,12.86,"#26,357"
64035,"39.290513, -93.812219","Hardin, Missouri","1,066",12.84,"#26,368"
63944,"37.080992, -90.398425","Greenville, Missouri","1,252",12.8,"#26,380"
65720,"36.935198, -92.936527","Oldfield, Missouri",463,12.8,"#26,382"
65334,"38.845310, -93.226858","Hughesville, Missouri",767,12.67,"#26,420"
63452,"40.101846, -91.796892","Lewistown, Missouri","1,197",12.66,"#26,423"
63533,"40.199773, -92.392226","Brashear, Missouri",830,12.64,"#26,428"
63437,"39.728217, -92.220654","Clarence, Missouri","1,632",12.54,"#26,465"
64784,"37.670426, -94.244375","Sheldon, Missouri","1,347",12.52,"#26,472"
64756,"37.615521, -94.013764","Jerico Springs, Missouri",777,12.49,"#26,481"
65764,"37.814850, -92.949058","Tunas, Missouri","1,265",12.46,"#26,494"
63956,"37.219752, -90.522582","Patterson, Missouri",861,12.41,"#26,521"
65588,"36.966274, -91.293650","Winona, Missouri","2,552",12.38,"#26,532"
65790,"36.703024, -92.109540","Pottersville, Missouri",646,12.35,"#26,539"
65260,"39.580629, -92.385861","Jacksonville, Missouri",556,12.32,"#26,544"
63964,"37.239593, -90.402537","Silva, Missouri","1,098",12.32,"#26,546"
65261,"39.490308, -92.931129","Keytesville, Missouri","1,055",12.3,"#26,549"
64783,"37.999804, -94.105267","Schell City, Missouri",835,12.24,"#26,576"
64497,"39.930459, -94.219852","Weatherby, Missouri",535,12.21,"#26,588"
65247,"39.643902, -92.471736","Excello, Missouri",567,12.17,"#26,603"
64471,"40.274616, -94.193859","New Hampton, Missouri",559,12.11,"#26,628"
63965,"36.958261, -90.996800","Van Buren, Missouri","2,584",12.11,"#26,630"
63787,"37.075749, -90.083421","Zalma, Missouri",684,12.1,"#26,637"
63462,"39.419207, -91.701130","Perry, Missouri","1,443",12.1,"#26,638"
63546,"40.337948, -92.502527","Greentop, Missouri","1,416",12.07,"#26,649"
65637,"36.774632, -92.202008","Dora, Missouri","1,162",12.02,"#26,665"
65345,"38.547647, -93.136470","Mora, Missouri",485,11.98,"#26,681"
63655,"37.390559, -90.189106","Marquand, Missouri","1,594",11.97,"#26,686"
65250,"39.030100, -92.840101","Franklin, Missouri",650,11.91,"#26,703"
63936,"36.808925, -90.129028","Dudley, Missouri",949,11.89,"#26,708"
65444,"37.371499, -92.067195","Bucyrus, Missouri","1,054",11.83,"#26,727"
65755,"36.802257, -92.625700","Squires, Missouri",467,11.81,"#26,732"
64767,"37.737357, -94.201452","Milo, Missouri",730,11.8,"#26,736"
63443,"39.677942, -91.858118","Hunnewell, Missouri",449,11.77,"#26,750"
64461,"40.521587, -94.807190","Hopkins, Missouri","1,013",11.75,"#26,754"
65335,"38.501668, -93.330471","Ionia, Missouri",284,11.75,"#26,755"
64631,"39.837305, -92.882820","Bucklin, Missouri","1,019",11.71,"#26,764"
63867,"36.739147, -89.542190","Matthews, Missouri","1,108",11.64,"#26,797"
64625,"39.744043, -93.802883","Breckenridge, Missouri",751,11.55,"#26,824"
65285,"39.204026, -91.999682","Thompson, Missouri",738,11.53,"#26,835"
65564,"37.237270, -91.939609","Solo, Missouri",175,11.53,"#26,836"
63441,"39.474035, -91.318315","Frankford, Missouri","1,116",11.5,"#26,847"
64423,"40.192871, -94.851656","Barnard, Missouri",787,11.5,"#26,849"
65287,"38.886302, -92.530138","Wooldridge, Missouri",341,11.48,"#26,860"
65692,"36.621450, -91.650328","Koshkonong, Missouri","1,180",11.43,"#26,878"
63388,"38.875057, -91.757686","Williamsburg, Missouri",636,11.37,"#26,904"
64449,"40.050226, -94.989019","Fillmore, Missouri",461,11.31,"#26,926"
65061,"38.600281, -91.651819","Morrison, Missouri",614,11.28,"#26,942"
64463,"40.062598, -94.482585","King City, Missouri","1,630",11.22,"#26,958"
64668,"39.355068, -93.704415","Norborne, Missouri","1,586",11.21,"#26,960"
65629,"36.886332, -93.019636","Chadwick, Missouri",781,11.19,"#26,971"
63952,"37.021941, -90.672119","Mill Spring, Missouri",563,11.17,"#26,974"
65282,"39.387929, -91.822967","Santa Fe, Missouri",153,11.17,"#26,977"
65552,"37.549343, -92.170749","Plato, Missouri","1,430",11.12,"#26,997"
64652,"40.021508, -93.418192","Laredo, Missouri",475,11.11,"#27,003"
64656,"39.690639, -93.671237","Ludlow, Missouri",379,11.1,"#27,006"
63551,"40.503968, -92.739285","Livonia, Missouri",445,11.1,"#27,007"
65752,"37.327705, -93.830886","South Greenfield, Missouri",478,11.05,"#27,024"
65322,"38.982087, -92.951995","Blackwater, Missouri",671,11.03,"#27,032"
63534,"39.737309, -92.648407","Callao, Missouri",840,11,"#27,051"
63457,"40.165850, -91.711889","Monticello, Missouri",289,10.98,"#27,063"
63536,"40.485291, -92.355927","Downing, Missouri",851,10.91,"#27,092"
64427,"40.108578, -94.846324","Bolckow, Missouri",604,10.86,"#27,114"
64832,"37.326633, -94.573882","Asbury, Missouri",724,10.82,"#27,128"
65761,"36.576449, -92.724984","Theodosia, Missouri","1,233",10.81,"#27,129"
64752,"38.087951, -94.571355","Hume, Missouri",806,10.81,"#27,131"
63352,"39.254356, -91.657538","Laddonia, Missouri","1,270",10.79,"#27,135"
65230,"39.290548, -92.702593","Armstrong, Missouri",738,10.77,"#27,141"
63545,"40.264833, -92.961534","Green City, Missouri","1,175",10.77,"#27,143"
64661,"40.536314, -93.517049","Mercer, Missouri","1,015",10.75,"#27,147"
64664,"39.752911, -93.690469","Mooresville, Missouri",271,10.67,"#27,171"
65571,"37.213035, -91.625298","Summersville, Missouri","2,242",10.65,"#27,179"
64636,"40.110098, -93.980463","Coffey, Missouri",281,10.6,"#27,192"
65532,"37.771107, -91.670239","Lake Spring, Missouri",54,10.58,"#27,198"
65058,"38.249621, -92.127853","Meta, Missouri","1,054",10.58,"#27,200"
65232,"39.171349, -91.755032","Benton City, Missouri",220,10.58,"#27,202"
64790,"37.927026, -94.220647","Walker, Missouri",853,10.54,"#27,215"
65466,"37.182902, -91.373016","Eminence, Missouri","1,621",10.54,"#27,217"
64480,"40.054176, -94.715078","Rea, Missouri",407,10.51,"#27,230"
64456,"40.493138, -94.391080","Grant City, Missouri","1,642",10.44,"#27,250"
65069,"38.753943, -91.601969","Rhineland, Missouri",747,10.43,"#27,258"
64673,"40.374309, -93.586901","Princeton, Missouri","2,286",10.34,"#27,290"
65258,"39.525741, -92.135614","Holliday, Missouri",520,10.25,"#27,307"
65733,"36.533097, -92.851245","Protem, Missouri",504,10.24,"#27,311"
65690,"36.588574, -91.327065","Couch, Missouri",494,10.23,"#27,314"
65330,"39.217726, -92.952862","Gilliam, Missouri",554,10.16,"#27,335"
65627,"36.564690, -93.030872","Cedarcreek, Missouri",507,10.14,"#27,344"
64428,"40.434165, -95.087518","Burlington Junction, Missouri","1,059",10.07,"#27,370"
63543,"40.352420, -92.014125","Gorin, Missouri",412,10.01,"#27,394"
65773,"36.745052, -92.492160","Wasola, Missouri",778,9.93,"#27,437"
63541,"40.495585, -92.633006","Glenwood, Missouri",420,9.91,"#27,442"
65438,"36.931336, -91.501101","Birch Tree, Missouri","2,968",9.91,"#27,446"
64643,"39.622529, -93.375818","Hale, Missouri","1,079",9.85,"#27,464"
64622,"39.493404, -93.561160","Bogard, Missouri",719,9.81,"#27,475"
65347,"38.976797, -93.052724","Nelson, Missouri",722,9.8,"#27,478"
64770,"38.281457, -93.989537","Montrose, Missouri","1,043",9.74,"#27,505"
64499,"40.401203, -94.425909","Worth, Missouri",183,9.74,"#27,507"
64637,"39.575717, -93.917412","Cowgill, Missouri",644,9.68,"#27,529"
63469,"39.825851, -92.041218","Shelbyville, Missouri","1,235",9.68,"#27,530"
63465,"40.527638, -91.679549","Revere, Missouri",508,9.54,"#27,581"
64422,"39.894787, -94.493961","Amity, Missouri",420,9.52,"#27,588"
64623,"39.474274, -93.339829","Bosworth, Missouri",770,9.5,"#27,593"
63951,"37.113212, -90.288029","Lowndes, Missouri",394,9.35,"#27,645"
64442,"40.489895, -94.011464","Eagleville, Missouri",799,9.31,"#27,665"
64466,"40.166220, -95.106267","Maitland, Missouri",560,9.29,"#27,668"
65237,"38.766639, -92.793644","Bunceton, Missouri",915,9.27,"#27,674"
64726,"38.506772, -93.928107","Blairstown, Missouri",548,9.23,"#27,688"
64653,"39.895133, -93.194089","Linneus, Missouri",780,9.22,"#27,699"
63763,"37.050366, -90.184100","Mc Gee, Missouri",138,9.21,"#27,700"
64451,"39.974131, -95.181971","Forest City, Missouri",515,9.19,"#27,708"
64431,"40.528193, -94.996257","Clearmont, Missouri",392,9.19,"#27,710"
64641,"40.164488, -93.402039","Galt, Missouri",696,9.16,"#27,712"
64481,"40.353947, -93.887733","Ridgeway, Missouri","1,166",9.16,"#27,713"
63359,"39.159982, -91.339227","Middletown, Missouri","1,433",9.14,"#27,717"
63530,"39.907620, -92.455054","Atlanta, Missouri",987,9.07,"#27,745"
63464,"39.964496, -92.064581","Plevna, Missouri",43,9.05,"#27,751"
64635,"39.952780, -93.433845","Chula, Missouri",529,9.04,"#27,757"
65603,"37.557468, -93.884895","Arcola, Missouri",175,9.01,"#27,775"
65439,"37.664882, -91.094227","Bixby, Missouri",310,9,"#27,777"
64438,"40.171906, -94.410370","Darlington, Missouri",283,8.99,"#27,781"
63638,"37.219832, -90.992991","Ellington, Missouri","2,910",8.85,"#27,829"
64486,"40.537508, -94.613020","Sheridan, Missouri",431,8.81,"#27,841"
65784,"36.689459, -92.319386","Zanoni, Missouri",34,8.81,"#27,842"
65470,"37.543516, -92.382924","Falcon, Missouri",996,8.8,"#27,848"
64728,"37.703047, -94.523816","Bronaugh, Missouri",586,8.79,"#27,849"
65067,"38.766201, -91.703148","Portland, Missouri",412,8.75,"#27,862"
64679,"40.229042, -93.570011","Spickard, Missouri",787,8.74,"#27,867"
64446,"40.316786, -95.422168","Fairfax, Missouri","1,171",8.57,"#27,918"
65768,"36.925085, -92.258237","Vanzant, Missouri",383,8.55,"#27,926"
63620,"37.402922, -90.667773","Annapolis, Missouri","1,405",8.53,"#27,935"
63849,"36.128882, -89.993309","Gobler, Missouri",227,8.52,"#27,938"
65634,"38.015397, -93.194616","Cross Timbers, Missouri",713,8.5,"#27,942"
65464,"37.212389, -91.946598","Elk Creek, Missouri",412,8.47,"#27,955"
63656,"37.599791, -90.798157","Middle Brook, Missouri",470,8.47,"#27,956"
65339,"39.176555, -93.379272","Malta Bend, Missouri",833,8.46,"#27,961"
63431,"39.740221, -92.313960","Anabel, Missouri",385,8.42,"#27,978"
64674,"39.967615, -93.156958","Purdin, Missouri",502,8.32,"#28,003"
64455,"40.180566, -95.004990","Graham, Missouri",459,8.29,"#28,009"
65449,"37.855134, -91.478472","Cook Sta, Missouri",452,8.27,"#28,019"
64688,"39.835973, -93.372296","Wheeling, Missouri",530,8.22,"#28,039"
64660,"39.562613, -93.064143","Mendon, Missouri",558,8.18,"#28,056"
64445,"40.538711, -95.129266","Elmo, Missouri",365,8.1,"#28,077"
64741,"37.818234, -94.562345","Deerfield, Missouri",367,8.07,"#28,094"
63963,"37.074448, -90.313565","Shook, Missouri",125,8.01,"#28,115"
65715,"36.695782, -92.546840","Noble, Missouri",146,7.99,"#28,119"
65660,"37.334212, -92.273898","Graff, Missouri",215,7.96,"#28,130"
65638,"36.852026, -92.328723","Drury, Missouri",462,7.95,"#28,135"
64676,"39.652594, -93.066557","Rothville, Missouri",272,7.93,"#28,140"
64457,"40.162713, -94.682355","Guilford, Missouri",323,7.86,"#28,159"
63654,"37.483034, -90.802428","Lesterville, Missouri",542,7.83,"#28,165"
63474,"40.349765, -91.893573","Wyaconda, Missouri",625,7.79,"#28,175"
63547,"40.135832, -92.297714","Hurdland, Missouri",607,7.76,"#28,185"
64642,"40.170792, -93.836449","Gilman City, Missouri",845,7.67,"#28,211"
63623,"37.653020, -90.920661","Belleview, Missouri",823,7.66,"#28,217"
65456,"37.783239, -91.212672","Davisville, Missouri",619,7.64,"#28,229"
64647,"40.026443, -93.967299","Jameson, Missouri",339,7.57,"#28,257"
65657,"36.838309, -93.007524","Garrison, Missouri",135,7.54,"#28,272"
63458,"40.005785, -92.002135","Newark, Missouri",229,7.49,"#28,292"
63439,"39.801258, -91.857543","Emden, Missouri",199,7.48,"#28,295"
64670,"40.047302, -94.141265","Pattonsburg, Missouri",991,7.45,"#28,305"
63453,"40.510756, -91.867256","Luray, Missouri",496,7.43,"#28,310"
64426,"40.521710, -93.859518","Blythedale, Missouri",419,7.42,"#28,314"
63558,"39.731378, -92.756416","New Cambria, Missouri",811,7.4,"#28,319"
63434,"39.906730, -91.947197","Bethel, Missouri",503,7.37,"#28,327"
64632,"40.464024, -93.761805","Cainsville, Missouri",784,7.3,"#28,349"
63560,"40.359626, -93.120409","Pollock, Missouri",278,7.28,"#28,361"
63942,"36.554374, -91.074481","Gatewood, Missouri",672,7.23,"#28,379"
63675,"37.322159, -90.702813","Vulcan, Missouri",157,7.18,"#28,400"
65735,"38.039877, -93.486631","Quincy, Missouri",191,7.17,"#28,406"
64780,"38.056499, -94.064601","Rockville, Missouri",627,7.14,"#28,414"
64638,"39.612058, -93.615116","Dawn, Missouri",640,7.09,"#28,427"
63563,"40.296193, -92.070607","Rutledge, Missouri",551,6.97,"#28,476"
64657,"40.132300, -94.207594","Mc Fall, Missouri",442,6.91,"#28,501"
63625,"37.554897, -90.971768","Black, Missouri",538,6.88,"#28,515"
64646,"40.099034, -93.309021","Humphreys, Missouri",385,6.85,"#28,528"
63544,"40.245752, -92.840197","Green Castle, Missouri",872,6.75,"#28,576"
63450,"39.664175, -92.152085","Lentner, Missouri",178,6.68,"#28,598"
65048,"38.374157, -92.040877","Koeltztown, Missouri",144,6.67,"#28,604"
65484,"37.375913, -92.234415","Huggins, Missouri",182,6.62,"#28,623"
64498,"40.542098, -95.333420","Westboro, Missouri",407,6.59,"#28,637"
64475,"40.436130, -94.612976","Parnell, Missouri",489,6.56,"#28,645"
65283,"39.528176, -91.838977","Stoutsville, Missouri",443,6.56,"#28,646"
64453,"40.337879, -94.478006","Gentry, Missouri",246,6.48,"#28,677"
65762,"36.680587, -92.662870","Thornfield, Missouri",453,6.48,"#28,681"
63750,"37.132463, -90.171057","Gipsy, Missouri",131,6.45,"#28,691"
63446,"40.129461, -92.015380","Knox City, Missouri",621,6.37,"#28,712"
64630,"40.043444, -93.146791","Browning, Missouri",719,6.3,"#28,740"
64437,"40.135587, -95.338513","Craig, Missouri",975,6.28,"#28,744"
63633,"37.425753, -90.988404","Centerville, Missouri",712,6.26,"#28,748"
64487,"40.308015, -95.112604","Skidmore, Missouri",832,6.21,"#28,771"
63531,"40.300263, -92.241036","Baring, Missouri",563,6.2,"#28,776"
65440,"37.619926, -91.172728","Boss, Missouri",634,6.11,"#28,802"
65461,"37.676732, -92.043738","Duke, Missouri",83,6.05,"#28,820"
65501,"37.454610, -91.541535","Jadwin, Missouri",197,6.02,"#28,830"
65618,"36.751766, -92.387678","Brixey, Missouri",158,5.98,"#28,845"
63432,"40.516796, -91.991635","Arbela, Missouri",686,5.92,"#28,867"
65244,"39.490093, -92.676714","Clifton Hill, Missouri",442,5.9,"#28,875"
64639,"39.389444, -93.237226","De Witt, Missouri",249,5.89,"#28,878"
64778,"37.906670, -94.534380","Richards, Missouri",331,5.74,"#28,934"
64496,"40.489884, -95.642285","Watson, Missouri",186,5.73,"#28,937"
65543,"37.474745, -92.298857","Lynchburg, Missouri",279,5.71,"#28,951"
65468,"37.271130, -91.784196","Eunice, Missouri",35,5.39,"#29,053"
65479,"37.342026, -91.636139","Hartshorn, Missouri",342,5.34,"#29,075"
63538,"39.950907, -92.680666","Elmer, Missouri",293,5.25,"#29,108"
63330,"39.266002, -90.814550","Annada, Missouri",148,5.21,"#29,127"
64667,"40.400409, -93.344760","Newtown, Missouri",484,5.06,"#29,177"
63535,"40.559957, -92.664954","Coatsville, Missouri",96,4.99,"#29,211"
63539,"39.925596, -92.768903","Ethel, Missouri",289,4.98,"#29,212"
65614,"36.733727, -92.897090","Bradleyville, Missouri",505,4.84,"#29,267"
63629,"37.385517, -91.235545","Bunker, Missouri","1,416",4.64,"#29,339"
65436,"37.623801, -91.963610","Beulah, Missouri",108,4.57,"#29,358"
64655,"40.446530, -93.257493","Lucerne, Missouri",307,4.55,"#29,370"
63473,"40.246043, -91.774555","Williamstown, Missouri",282,4.48,"#29,395"
65344,"39.310785, -93.206772","Miami, Missouri",321,4.45,"#29,411"
64645,"40.284707, -93.334249","Harris, Missouri",289,4.31,"#29,463"
63451,"39.917465, -92.206036","Leonard, Missouri",297,4.15,"#29,530"
65744,"36.613092, -92.867747","Rueter, Missouri",144,4.14,"#29,536"
63665,"37.323552, -90.840256","Redford, Missouri",306,4.08,"#29,574"
63460,"40.011297, -92.207573","Novelty, Missouri",344,3.97,"#29,618"
64467,"40.401658, -94.162947","Martinsville, Missouri",179,3.9,"#29,653"
63557,"39.971058, -92.890654","New Boston, Missouri",278,3.85,"#29,671"
64681,"39.644744, -93.205256","Sumner, Missouri",246,3.79,"#29,701"
64441,"40.404844, -94.261379","Denver, Missouri",171,3.73,"#29,725"
64672,"40.544835, -93.255082","Powersville, Missouri",254,3.54,"#29,822"
65286,"39.506748, -93.204481","Triplett, Missouri",198,3.47,"#29,859"
64458,"40.506679, -94.164585","Hatfield, Missouri",229,3.37,"#29,902"
63833,"36.654382, -89.724022","Catron, Missouri",281,3.29,"#29,933"
65246,"39.373460, -93.017421","Dalton, Missouri",141,3.17,"#29,983"
65062,"38.501140, -91.659576","Mount Sterling, Missouri",8,3.02,"#30,068"
63941,"36.901205, -91.155188","Fremont, Missouri",536,3,"#30,076"
63566,"40.019774, -92.970245","Winigan, Missouri",68,2.66,"#30,243"
